Handle,Title,Body (HTML),Vendor,Product Category,Type,Tags,Published,Option1 Name,Option1 Value,Variant SKU,Variant Price,Variant Inventory Tracker,Variant Inventory Qty,Variant Inventory Policy,Variant Fulfillment Service,Variant Requires Shipping,Variant Taxable,Image Src,Image Position,SEO Title,SEO Description,Status
helix-sunset,Helix Sunset,<p>Plush pressure relief</p><ul><li>Soft comfort layers</li><li>Wrapped coil support</li><li>Pressure-relieving surface</li></ul><p>Call to confirm current showroom availability.</p><p>D2C sale-reference pricing; verify current event promo before launch.</p>,Helix,,Mattress,"primary, helix, Mattress, Soft, Side sleeper, priced",TRUE,Size,Twin,helix-sunset-twin,799,,,deny,manual,TRUE,TRUE,https://discountmattressbg.com/product-assets/helix/helix-sunset-core-1.png,1,Helix Sunset | Discount Mattress Bowling Green,Helix Sunset from Helix. Call or visit Discount Mattress in Bowling Green for current availability and local pricing.,active
helix-sunset,,,,,,,TRUE,Size,Twin XL,helix-sunset-twin-xl,899,,,deny,manual,TRUE,TRUE,,,,,active
helix-sunset,,,,,,,TRUE,Size,Full,helix-sunset-full,999,,,deny,manual,TRUE,TRUE,,,,,active
helix-sunset,,,,,,,TRUE,Size,Queen,helix-sunset-queen,1099,,,deny,manual,TRUE,TRUE,,,,,active
helix-sunset,,,,,,,TRUE,Size,King,helix-sunset-king,1449,,,deny,manual,TRUE,TRUE,,,,,active
helix-sunset,,,,,,,TRUE,Size,CA King,helix-sunset-ca-king,1449,,,deny,manual,TRUE,TRUE,,,,,active
helix-moonlight,Helix Moonlight,<p>Light contouring</p><ul><li>Soft feel</li><li>Balanced sink</li><li>Easy moving comfort</li></ul><p>Call to confirm current showroom availability.</p><p>D2C sale-reference pricing; verify current event promo before launch.</p>,Helix,,Mattress,"primary, helix, Mattress, Medium-soft, priced",TRUE,Size,Twin,helix-moonlight-twin,799,,,deny,manual,TRUE,TRUE,https://discountmattressbg.com/product-assets/helix/helix-moonlight-core-1.png,1,Helix Moonlight | Discount Mattress Bowling Green,Helix Moonlight from Helix. Call or visit Discount Mattress in Bowling Green for current availability and local pricing.,active
helix-moonlight,,,,,,,TRUE,Size,Twin XL,helix-moonlight-twin-xl,899,,,deny,manual,TRUE,TRUE,,,,,active
helix-moonlight,,,,,,,TRUE,Size,Full,helix-moonlight-full,999,,,deny,manual,TRUE,TRUE,,,,,active
helix-moonlight,,,,,,,TRUE,Size,Queen,helix-moonlight-queen,1099,,,deny,manual,TRUE,TRUE,,,,,active
helix-moonlight,,,,,,,TRUE,Size,King,helix-moonlight-king,1449,,,deny,manual,TRUE,TRUE,,,,,active
helix-moonlight,,,,,,,TRUE,Size,CA King,helix-moonlight-ca-king,1449,,,deny,manual,TRUE,TRUE,,,,,active
helix-midnight,Helix Midnight,<p>Balanced support</p><ul><li>Medium feel</li><li>Motion isolation</li><li>Wrapped coil lift</li></ul><p>Call to confirm current showroom availability.</p><p>D2C sale-reference pricing; verify current event promo before launch.</p>,Helix,,Mattress,"primary, helix, Mattress, Medium, Best seller, priced",TRUE,Size,Twin,helix-midnight-twin,799,,,deny,manual,TRUE,TRUE,https://discountmattressbg.com/product-assets/helix/helix-midnight-1.webp,1,Helix Midnight | Discount Mattress Bowling Green,Helix Midnight from Helix. Call or visit Discount Mattress in Bowling Green for current availability and local pricing.,active
helix-midnight,,,,,,,TRUE,Size,Twin XL,helix-midnight-twin-xl,899,,,deny,manual,TRUE,TRUE,,,,,active
helix-midnight,,,,,,,TRUE,Size,Full,helix-midnight-full,999,,,deny,manual,TRUE,TRUE,,,,,active
helix-midnight,,,,,,,TRUE,Size,Queen,helix-midnight-queen,1099,,,deny,manual,TRUE,TRUE,,,,,active
helix-midnight,,,,,,,TRUE,Size,King,helix-midnight-king,1449,,,deny,manual,TRUE,TRUE,,,,,active
helix-midnight,,,,,,,TRUE,Size,CA King,helix-midnight-ca-king,1449,,,deny,manual,TRUE,TRUE,,,,,active
helix-dusk,Helix Dusk,<p>Even support</p><ul><li>Responsive comfort</li><li>Durable edge support</li><li>Hybrid construction</li></ul><p>Call to confirm current showroom availability.</p><p>D2C sale-reference pricing; verify current event promo before launch.</p>,Helix,,Mattress,"primary, helix, Mattress, Medium-firm, priced",TRUE,Size,Twin,helix-dusk-twin,799,,,deny,manual,TRUE,TRUE,https://discountmattressbg.com/product-assets/helix/helix-dusk-core-1.png,1,Helix Dusk | Discount Mattress Bowling Green,Helix Dusk from Helix. Call or visit Discount Mattress in Bowling Green for current availability and local pricing.,active
helix-dusk,,,,,,,TRUE,Size,Twin XL,helix-dusk-twin-xl,899,,,deny,manual,TRUE,TRUE,,,,,active
helix-dusk,,,,,,,TRUE,Size,Full,helix-dusk-full,999,,,deny,manual,TRUE,TRUE,,,,,active
helix-dusk,,,,,,,TRUE,Size,Queen,helix-dusk-queen,1099,,,deny,manual,TRUE,TRUE,,,,,active
helix-dusk,,,,,,,TRUE,Size,King,helix-dusk-king,1449,,,deny,manual,TRUE,TRUE,,,,,active
helix-dusk,,,,,,,TRUE,Size,CA King,helix-dusk-ca-king,1449,,,deny,manual,TRUE,TRUE,,,,,active
helix-dawn,Helix Dawn,<p>Traditional firm</p><ul><li>Firm top feel</li><li>Stable coil support</li><li>Low-profile contouring</li></ul><p>Call to confirm current showroom availability.</p><p>D2C sale-reference pricing; verify current event promo before launch.</p>,Helix,,Mattress,"primary, helix, Mattress, Firm, priced",TRUE,Size,Twin,helix-dawn-twin,799,,,deny,manual,TRUE,TRUE,https://discountmattressbg.com/product-assets/helix/helix-dawn-core-1.png,1,Helix Dawn | Discount Mattress Bowling Green,Helix Dawn from Helix. Call or visit Discount Mattress in Bowling Green for current availability and local pricing.,active
helix-dawn,,,,,,,TRUE,Size,Twin XL,helix-dawn-twin-xl,899,,,deny,manual,TRUE,TRUE,,,,,active
helix-dawn,,,,,,,TRUE,Size,Full,helix-dawn-full,999,,,deny,manual,TRUE,TRUE,,,,,active
helix-dawn,,,,,,,TRUE,Size,Queen,helix-dawn-queen,1099,,,deny,manual,TRUE,TRUE,,,,,active
helix-dawn,,,,,,,TRUE,Size,King,helix-dawn-king,1449,,,deny,manual,TRUE,TRUE,,,,,active
helix-dawn,,,,,,,TRUE,Size,CA King,helix-dawn-ca-king,1449,,,deny,manual,TRUE,TRUE,,,,,active
helix-twilight,Helix Twilight,<p>Firm pressure relief</p><ul><li>Firm comfort surface</li><li>High-density foams</li><li>Hybrid lift</li></ul><p>Call to confirm current showroom availability.</p><p>D2C sale-reference pricing; verify current event promo before launch.</p>,Helix,,Mattress,"primary, helix, Mattress, Firm, priced",TRUE,Size,Twin,helix-twilight-twin,799,,,deny,manual,TRUE,TRUE,https://discountmattressbg.com/product-assets/helix/helix-twilight-core-1.png,1,Helix Twilight | Discount Mattress Bowling Green,Helix Twilight from Helix. Call or visit Discount Mattress in Bowling Green for current availability and local pricing.,active
helix-twilight,,,,,,,TRUE,Size,Twin XL,helix-twilight-twin-xl,899,,,deny,manual,TRUE,TRUE,,,,,active
helix-twilight,,,,,,,TRUE,Size,Full,helix-twilight-full,999,,,deny,manual,TRUE,TRUE,,,,,active
helix-twilight,,,,,,,TRUE,Size,Queen,helix-twilight-queen,1099,,,deny,manual,TRUE,TRUE,,,,,active
helix-twilight,,,,,,,TRUE,Size,King,helix-twilight-king,1449,,,deny,manual,TRUE,TRUE,,,,,active
helix-twilight,,,,,,,TRUE,Size,CA King,helix-twilight-ca-king,1449,,,deny,manual,TRUE,TRUE,,,,,active
helix-plus,Helix Plus,<p>Extra supportive</p><ul><li>Higher density materials</li><li>Extra support layer</li><li>Reinforced edge feel</li></ul><p>Call to confirm current showroom availability.</p><p>D2C sale-reference pricing; verify current event promo before launch.</p>,Helix,,Mattress,"primary, helix, Mattress, Firm, Plus support, priced",TRUE,Size,Twin,helix-plus-twin,849,,,deny,manual,TRUE,TRUE,https://discountmattressbg.com/product-assets/helix/helix-plus-core-1.png,1,Helix Plus | Discount Mattress Bowling Green,Helix Plus from Helix. Call or visit Discount Mattress in Bowling Green for current availability and local pricing.,active
helix-plus,,,,,,,TRUE,Size,Twin XL,helix-plus-twin-xl,949,,,deny,manual,TRUE,TRUE,,,,,active
helix-plus,,,,,,,TRUE,Size,Full,helix-plus-full,1049,,,deny,manual,TRUE,TRUE,,,,,active
helix-plus,,,,,,,TRUE,Size,Queen,helix-plus-queen,1199,,,deny,manual,TRUE,TRUE,,,,,active
helix-plus,,,,,,,TRUE,Size,King,helix-plus-king,1449,,,deny,manual,TRUE,TRUE,,,,,active
helix-plus,,,,,,,TRUE,Size,CA King,helix-plus-ca-king,1449,,,deny,manual,TRUE,TRUE,,,,,active
helix-sunset-luxe,Helix Sunset Luxe,<p>Plush pillow top</p><ul><li>Premium quilted pillow top</li><li>Zoned lumbar support</li><li>TENCEL and GlacioTex cooling options</li></ul><p>Call to confirm current showroom availability.</p><p>D2C sale-reference pricing; verify current event promo before launch.</p>,Helix,,Mattress,"primary, helix, Mattress, Soft, Luxe, priced",TRUE,Size,Twin,helix-sunset-luxe-twin,1149,,,deny,manual,TRUE,TRUE,https://discountmattressbg.com/product-assets/helix/helix-sunset-luxe-1.webp,1,Helix Sunset Luxe | Discount Mattress Bowling Green,Helix Sunset Luxe from Helix. Call or visit Discount Mattress in Bowling Green for current availability and local pricing.,active
helix-sunset-luxe,,,,,,,TRUE,Size,Twin XL,helix-sunset-luxe-twin-xl,1349,,,deny,manual,TRUE,TRUE,,,,,active
helix-sunset-luxe,,,,,,,TRUE,Size,Full,helix-sunset-luxe-full,1649,,,deny,manual,TRUE,TRUE,,,,,active
helix-sunset-luxe,,,,,,,TRUE,Size,Queen,helix-sunset-luxe-queen,1919,,,deny,manual,TRUE,TRUE,,,,,active
helix-sunset-luxe,,,,,,,TRUE,Size,King,helix-sunset-luxe-king,2339,,,deny,manual,TRUE,TRUE,,,,,active
helix-sunset-luxe,,,,,,,TRUE,Size,CA King,helix-sunset-luxe-ca-king,2339,,,deny,manual,TRUE,TRUE,,,,,active
helix-moonlight-luxe,Helix Moonlight Luxe,<p>Soft contour with lumbar support</p><ul><li>Premium quilted pillow top</li><li>Zoned lumbar support</li><li>TENCEL and GlacioTex cooling options</li></ul><p>Call to confirm current showroom availability.</p><p>D2C sale-reference pricing; verify current event promo before launch.</p>,Helix,,Mattress,"primary, helix, Mattress, Medium-soft, priced",TRUE,Size,Twin,helix-moonlight-luxe-twin,1149,,,deny,manual,TRUE,TRUE,https://discountmattressbg.com/product-assets/helix/helix-moonlight-luxe-1.png,1,Helix Moonlight Luxe | Discount Mattress Bowling Green,Helix Moonlight Luxe from Helix. Call or visit Discount Mattress in Bowling Green for current availability and local pricing.,active
helix-moonlight-luxe,,,,,,,TRUE,Size,Twin XL,helix-moonlight-luxe-twin-xl,1349,,,deny,manual,TRUE,TRUE,,,,,active
helix-moonlight-luxe,,,,,,,TRUE,Size,Full,helix-moonlight-luxe-full,1649,,,deny,manual,TRUE,TRUE,,,,,active
helix-moonlight-luxe,,,,,,,TRUE,Size,Queen,helix-moonlight-luxe-queen,1919,,,deny,manual,TRUE,TRUE,,,,,active
helix-moonlight-luxe,,,,,,,TRUE,Size,King,helix-moonlight-luxe-king,2339,,,deny,manual,TRUE,TRUE,,,,,active
helix-moonlight-luxe,,,,,,,TRUE,Size,CA King,helix-moonlight-luxe-ca-king,2339,,,deny,manual,TRUE,TRUE,,,,,active
helix-midnight-luxe,Helix Midnight Luxe,"<p>Plush top, supportive core</p><ul><li>Premium quilted pillow top</li><li>Zoned lumbar support</li><li>TENCEL and GlacioTex cooling options</li></ul><p>Call to confirm current showroom availability.</p><p>D2C sale-reference pricing; verify current event promo before launch.</p>",Helix,,Mattress,"primary, helix, Mattress, Medium, Premium pick, priced",TRUE,Size,Twin,helix-midnight-luxe-twin,1149,,,deny,manual,TRUE,TRUE,https://discountmattressbg.com/product-assets/helix/helix-midnight-luxe-2.webp,1,Helix Midnight Luxe | Discount Mattress Bowling Green,Helix Midnight Luxe from Helix. Call or visit Discount Mattress in Bowling Green for current availability and local pricing.,active
helix-midnight-luxe,,,,,,,TRUE,Size,Twin XL,helix-midnight-luxe-twin-xl,1349,,,deny,manual,TRUE,TRUE,,,,,active
helix-midnight-luxe,,,,,,,TRUE,Size,Full,helix-midnight-luxe-full,1649,,,deny,manual,TRUE,TRUE,,,,,active
helix-midnight-luxe,,,,,,,TRUE,Size,Queen,helix-midnight-luxe-queen,1919,,,deny,manual,TRUE,TRUE,,,,,active
helix-midnight-luxe,,,,,,,TRUE,Size,King,helix-midnight-luxe-king,2339,,,deny,manual,TRUE,TRUE,,,,,active
helix-midnight-luxe,,,,,,,TRUE,Size,CA King,helix-midnight-luxe-ca-king,2339,,,deny,manual,TRUE,TRUE,,,,,active
helix-dusk-luxe,Helix Dusk Luxe,<p>Balanced luxury support</p><ul><li>Premium quilted pillow top</li><li>Zoned lumbar support</li><li>TENCEL and GlacioTex cooling options</li></ul><p>Call to confirm current showroom availability.</p><p>D2C sale-reference pricing; verify current event promo before launch.</p>,Helix,,Mattress,"primary, helix, Mattress, Medium-firm, priced",TRUE,Size,Twin,helix-dusk-luxe-twin,1149,,,deny,manual,TRUE,TRUE,https://discountmattressbg.com/product-assets/helix/helix-dusk-luxe-1.png,1,Helix Dusk Luxe | Discount Mattress Bowling Green,Helix Dusk Luxe from Helix. Call or visit Discount Mattress in Bowling Green for current availability and local pricing.,active
helix-dusk-luxe,,,,,,,TRUE,Size,Twin XL,helix-dusk-luxe-twin-xl,1349,,,deny,manual,TRUE,TRUE,,,,,active
helix-dusk-luxe,,,,,,,TRUE,Size,Full,helix-dusk-luxe-full,1649,,,deny,manual,TRUE,TRUE,,,,,active
helix-dusk-luxe,,,,,,,TRUE,Size,Queen,helix-dusk-luxe-queen,1919,,,deny,manual,TRUE,TRUE,,,,,active
helix-dusk-luxe,,,,,,,TRUE,Size,King,helix-dusk-luxe-king,2339,,,deny,manual,TRUE,TRUE,,,,,active
helix-dusk-luxe,,,,,,,TRUE,Size,CA King,helix-dusk-luxe-ca-king,2339,,,deny,manual,TRUE,TRUE,,,,,active
helix-dawn-luxe,Helix Dawn Luxe,<p>Firm pillow top</p><ul><li>Premium quilted pillow top</li><li>Zoned lumbar support</li><li>TENCEL and GlacioTex cooling options</li></ul><p>Call to confirm current showroom availability.</p><p>D2C sale-reference pricing; verify current event promo before launch.</p>,Helix,,Mattress,"primary, helix, Mattress, Firm, priced",TRUE,Size,Twin,helix-dawn-luxe-twin,1149,,,deny,manual,TRUE,TRUE,https://discountmattressbg.com/product-assets/helix/helix-dawn-luxe-1.png,1,Helix Dawn Luxe | Discount Mattress Bowling Green,Helix Dawn Luxe from Helix. Call or visit Discount Mattress in Bowling Green for current availability and local pricing.,active
helix-dawn-luxe,,,,,,,TRUE,Size,Twin XL,helix-dawn-luxe-twin-xl,1349,,,deny,manual,TRUE,TRUE,,,,,active
helix-dawn-luxe,,,,,,,TRUE,Size,Full,helix-dawn-luxe-full,1649,,,deny,manual,TRUE,TRUE,,,,,active
helix-dawn-luxe,,,,,,,TRUE,Size,Queen,helix-dawn-luxe-queen,1919,,,deny,manual,TRUE,TRUE,,,,,active
helix-dawn-luxe,,,,,,,TRUE,Size,King,helix-dawn-luxe-king,2339,,,deny,manual,TRUE,TRUE,,,,,active
helix-dawn-luxe,,,,,,,TRUE,Size,CA King,helix-dawn-luxe-ca-king,2339,,,deny,manual,TRUE,TRUE,,,,,active
helix-twilight-luxe,Helix Twilight Luxe,<p>Firm pressure relief</p><ul><li>Premium quilted pillow top</li><li>Zoned lumbar support</li><li>TENCEL and GlacioTex cooling options</li></ul><p>Call to confirm current showroom availability.</p><p>D2C sale-reference pricing; verify current event promo before launch.</p>,Helix,,Mattress,"primary, helix, Mattress, Firm, priced",TRUE,Size,Twin,helix-twilight-luxe-twin,1149,,,deny,manual,TRUE,TRUE,https://discountmattressbg.com/product-assets/helix/helix-twilight-luxe-1.png,1,Helix Twilight Luxe | Discount Mattress Bowling Green,Helix Twilight Luxe from Helix. Call or visit Discount Mattress in Bowling Green for current availability and local pricing.,active
helix-twilight-luxe,,,,,,,TRUE,Size,Twin XL,helix-twilight-luxe-twin-xl,1349,,,deny,manual,TRUE,TRUE,,,,,active
helix-twilight-luxe,,,,,,,TRUE,Size,Full,helix-twilight-luxe-full,1649,,,deny,manual,TRUE,TRUE,,,,,active
helix-twilight-luxe,,,,,,,TRUE,Size,Queen,helix-twilight-luxe-queen,1919,,,deny,manual,TRUE,TRUE,,,,,active
helix-twilight-luxe,,,,,,,TRUE,Size,King,helix-twilight-luxe-king,2339,,,deny,manual,TRUE,TRUE,,,,,active
helix-twilight-luxe,,,,,,,TRUE,Size,CA King,helix-twilight-luxe-ca-king,2339,,,deny,manual,TRUE,TRUE,,,,,active
helix-plus-luxe,Helix Plus Luxe,<p>Plus-size support with pillow top comfort</p><ul><li>Premium pillow top</li><li>ErgoAlign support option</li><li>GlacioTex cooling cover option</li></ul><p>Call to confirm current showroom availability.</p><p>D2C sale-reference pricing; verify current event promo before launch.</p>,Helix,,Mattress,"primary, helix, Mattress, Medium-firm, Plus Luxe, priced",TRUE,Size,Twin,helix-plus-luxe-twin,1218,,,deny,manual,TRUE,TRUE,https://discountmattressbg.com/product-assets/helix/helix-plus-luxe-1.png,1,Helix Plus Luxe | Discount Mattress Bowling Green,Helix Plus Luxe from Helix. Call or visit Discount Mattress in Bowling Green for current availability and local pricing.,active
helix-plus-luxe,,,,,,,TRUE,Size,Twin XL,helix-plus-luxe-twin-xl,1406,,,deny,manual,TRUE,TRUE,,,,,active
helix-plus-luxe,,,,,,,TRUE,Size,Full,helix-plus-luxe-full,1687,,,deny,manual,TRUE,TRUE,,,,,active
helix-plus-luxe,,,,,,,TRUE,Size,Queen,helix-plus-luxe-queen,1874,,,deny,manual,TRUE,TRUE,,,,,active
helix-plus-luxe,,,,,,,TRUE,Size,King,helix-plus-luxe-king,2249,,,deny,manual,TRUE,TRUE,,,,,active
helix-plus-luxe,,,,,,,TRUE,Size,CA King,helix-plus-luxe-ca-king,2249,,,deny,manual,TRUE,TRUE,,,,,active
helix-sunset-elite,Helix Sunset Elite,<p>Ultra-plush cooling luxury</p><ul><li>GlacioTex Elite cooling cover</li><li>ErgoAlign contour layer</li><li>Microcoil comfort layers</li></ul><p>Call to confirm current showroom availability.</p><p>D2C sale-reference pricing; verify current event promo before launch.</p>,Helix,,Mattress,"primary, helix, Mattress, Soft, Elite, priced",TRUE,Size,Twin,helix-sunset-elite-twin,1874,,,deny,manual,TRUE,TRUE,https://discountmattressbg.com/product-assets/helix/helix-sunset-elite-1.png,1,Helix Sunset Elite | Discount Mattress Bowling Green,Helix Sunset Elite from Helix. Call or visit Discount Mattress in Bowling Green for current availability and local pricing.,active
helix-sunset-elite,,,,,,,TRUE,Size,Twin XL,helix-sunset-elite-twin-xl,2062,,,deny,manual,TRUE,TRUE,,,,,active
helix-sunset-elite,,,,,,,TRUE,Size,Full,helix-sunset-elite-full,2483,,,deny,manual,TRUE,TRUE,,,,,active
helix-sunset-elite,,,,,,,TRUE,Size,Queen,helix-sunset-elite-queen,2998,,,deny,manual,TRUE,TRUE,,,,,active
helix-sunset-elite,,,,,,,TRUE,Size,King,helix-sunset-elite-king,3374,,,deny,manual,TRUE,TRUE,,,,,active
helix-sunset-elite,,,,,,,TRUE,Size,CA King,helix-sunset-elite-ca-king,3374,,,deny,manual,TRUE,TRUE,,,,,active
helix-moonlight-elite,Helix Moonlight Elite,<p>Soft Elite support</p><ul><li>GlacioTex Elite cooling cover</li><li>ErgoAlign contour layer</li><li>Microcoil comfort layers</li></ul><p>Call to confirm current showroom availability.</p><p>D2C sale-reference pricing; verify current event promo before launch.</p>,Helix,,Mattress,"primary, helix, Mattress, Medium-soft, Elite, priced",TRUE,Size,Twin,helix-moonlight-elite-twin,1874,,,deny,manual,TRUE,TRUE,https://discountmattressbg.com/brand-assets/helix/hero.webp,1,Helix Moonlight Elite | Discount Mattress Bowling Green,Helix Moonlight Elite from Helix. Call or visit Discount Mattress in Bowling Green for current availability and local pricing.,active
helix-moonlight-elite,,,,,,,TRUE,Size,Twin XL,helix-moonlight-elite-twin-xl,2062,,,deny,manual,TRUE,TRUE,,,,,active
helix-moonlight-elite,,,,,,,TRUE,Size,Full,helix-moonlight-elite-full,2483,,,deny,manual,TRUE,TRUE,,,,,active
helix-moonlight-elite,,,,,,,TRUE,Size,Queen,helix-moonlight-elite-queen,2998,,,deny,manual,TRUE,TRUE,,,,,active
helix-moonlight-elite,,,,,,,TRUE,Size,King,helix-moonlight-elite-king,3374,,,deny,manual,TRUE,TRUE,,,,,active
helix-moonlight-elite,,,,,,,TRUE,Size,CA King,helix-moonlight-elite-ca-king,3374,,,deny,manual,TRUE,TRUE,,,,,active
helix-midnight-elite,Helix Midnight Elite,<p>Elite side-sleeper comfort</p><ul><li>GlacioTex Elite cooling cover</li><li>ErgoAlign contour layer</li><li>Microcoil comfort layers</li></ul><p>Call to confirm current showroom availability.</p><p>D2C sale-reference pricing; verify current event promo before launch.</p>,Helix,,Mattress,"primary, helix, Mattress, Medium, Elite, priced",TRUE,Size,Twin,helix-midnight-elite-twin,1874,,,deny,manual,TRUE,TRUE,https://discountmattressbg.com/product-assets/helix/helix-midnight-elite-1.png,1,Helix Midnight Elite | Discount Mattress Bowling Green,Helix Midnight Elite from Helix. Call or visit Discount Mattress in Bowling Green for current availability and local pricing.,active
helix-midnight-elite,,,,,,,TRUE,Size,Twin XL,helix-midnight-elite-twin-xl,2062,,,deny,manual,TRUE,TRUE,,,,,active
helix-midnight-elite,,,,,,,TRUE,Size,Full,helix-midnight-elite-full,2483,,,deny,manual,TRUE,TRUE,,,,,active
helix-midnight-elite,,,,,,,TRUE,Size,Queen,helix-midnight-elite-queen,2998,,,deny,manual,TRUE,TRUE,,,,,active
helix-midnight-elite,,,,,,,TRUE,Size,King,helix-midnight-elite-king,3374,,,deny,manual,TRUE,TRUE,,,,,active
helix-midnight-elite,,,,,,,TRUE,Size,CA King,helix-midnight-elite-ca-king,3374,,,deny,manual,TRUE,TRUE,,,,,active
helix-dusk-elite,Helix Dusk Elite,<p>Elite balanced support</p><ul><li>GlacioTex Elite cooling cover</li><li>ErgoAlign contour layer</li><li>Microcoil comfort layers</li></ul><p>Call to confirm current showroom availability.</p><p>D2C sale-reference pricing; verify current event promo before launch.</p>,Helix,,Mattress,"primary, helix, Mattress, Medium-firm, Elite, priced",TRUE,Size,Twin,helix-dusk-elite-twin,1874,,,deny,manual,TRUE,TRUE,https://discountmattressbg.com/product-assets/helix/helix-dusk-elite-1.png,1,Helix Dusk Elite | Discount Mattress Bowling Green,Helix Dusk Elite from Helix. Call or visit Discount Mattress in Bowling Green for current availability and local pricing.,active
helix-dusk-elite,,,,,,,TRUE,Size,Twin XL,helix-dusk-elite-twin-xl,2062,,,deny,manual,TRUE,TRUE,,,,,active
helix-dusk-elite,,,,,,,TRUE,Size,Full,helix-dusk-elite-full,2483,,,deny,manual,TRUE,TRUE,,,,,active
helix-dusk-elite,,,,,,,TRUE,Size,Queen,helix-dusk-elite-queen,2998,,,deny,manual,TRUE,TRUE,,,,,active
helix-dusk-elite,,,,,,,TRUE,Size,King,helix-dusk-elite-king,3374,,,deny,manual,TRUE,TRUE,,,,,active
helix-dusk-elite,,,,,,,TRUE,Size,CA King,helix-dusk-elite-ca-king,3374,,,deny,manual,TRUE,TRUE,,,,,active
helix-dawn-elite,Helix Dawn Elite,<p>Elite firm support</p><ul><li>GlacioTex Elite cooling cover</li><li>ErgoAlign contour layer</li><li>Microcoil comfort layers</li></ul><p>Call to confirm current showroom availability.</p><p>D2C sale-reference pricing; verify current event promo before launch.</p>,Helix,,Mattress,"primary, helix, Mattress, Firm, Elite, priced",TRUE,Size,Twin,helix-dawn-elite-twin,1874,,,deny,manual,TRUE,TRUE,https://discountmattressbg.com/product-assets/helix/helix-dawn-elite-1.png,1,Helix Dawn Elite | Discount Mattress Bowling Green,Helix Dawn Elite from Helix. Call or visit Discount Mattress in Bowling Green for current availability and local pricing.,active
helix-dawn-elite,,,,,,,TRUE,Size,Twin XL,helix-dawn-elite-twin-xl,2062,,,deny,manual,TRUE,TRUE,,,,,active
helix-dawn-elite,,,,,,,TRUE,Size,Full,helix-dawn-elite-full,2483,,,deny,manual,TRUE,TRUE,,,,,active
helix-dawn-elite,,,,,,,TRUE,Size,Queen,helix-dawn-elite-queen,2998,,,deny,manual,TRUE,TRUE,,,,,active
helix-dawn-elite,,,,,,,TRUE,Size,King,helix-dawn-elite-king,3374,,,deny,manual,TRUE,TRUE,,,,,active
helix-dawn-elite,,,,,,,TRUE,Size,CA King,helix-dawn-elite-ca-king,3374,,,deny,manual,TRUE,TRUE,,,,,active
helix-twilight-elite,Helix Twilight Elite,<p>Elite firm pressure relief</p><ul><li>GlacioTex Elite cooling cover</li><li>ErgoAlign contour layer</li><li>Microcoil comfort layers</li></ul><p>Call to confirm current showroom availability.</p><p>D2C sale-reference pricing; verify current event promo before launch.</p>,Helix,,Mattress,"primary, helix, Mattress, Firm, Elite, priced",TRUE,Size,Twin,helix-twilight-elite-twin,1874,,,deny,manual,TRUE,TRUE,https://discountmattressbg.com/product-assets/helix/helix-twilight-elite-1.png,1,Helix Twilight Elite | Discount Mattress Bowling Green,Helix Twilight Elite from Helix. Call or visit Discount Mattress in Bowling Green for current availability and local pricing.,active
helix-twilight-elite,,,,,,,TRUE,Size,Twin XL,helix-twilight-elite-twin-xl,2062,,,deny,manual,TRUE,TRUE,,,,,active
helix-twilight-elite,,,,,,,TRUE,Size,Full,helix-twilight-elite-full,2483,,,deny,manual,TRUE,TRUE,,,,,active
helix-twilight-elite,,,,,,,TRUE,Size,Queen,helix-twilight-elite-queen,2998,,,deny,manual,TRUE,TRUE,,,,,active
helix-twilight-elite,,,,,,,TRUE,Size,King,helix-twilight-elite-king,3374,,,deny,manual,TRUE,TRUE,,,,,active
helix-twilight-elite,,,,,,,TRUE,Size,CA King,helix-twilight-elite-ca-king,3374,,,deny,manual,TRUE,TRUE,,,,,active
helix-plus-elite,Helix Plus Elite,<p>Top-tier plus-size support</p><ul><li>GlacioTex Elite cooling cover</li><li>ErgoAlign contour layer</li><li>Reinforced support up to 2000 lbs</li></ul><p>Call to confirm current showroom availability.</p><p>D2C sale-reference pricing; verify current event promo before launch.</p>,Helix,,Mattress,"primary, helix, Mattress, Medium-firm, Elite Plus, priced",TRUE,Size,Twin,helix-plus-elite-twin,1874,,,deny,manual,TRUE,TRUE,https://discountmattressbg.com/product-assets/helix/helix-plus-elite-1.png,1,Helix Plus Elite | Discount Mattress Bowling Green,Helix Plus Elite from Helix. Call or visit Discount Mattress in Bowling Green for current availability and local pricing.,active
helix-plus-elite,,,,,,,TRUE,Size,Twin XL,helix-plus-elite-twin-xl,2062,,,deny,manual,TRUE,TRUE,,,,,active
helix-plus-elite,,,,,,,TRUE,Size,Full,helix-plus-elite-full,2483,,,deny,manual,TRUE,TRUE,,,,,active
helix-plus-elite,,,,,,,TRUE,Size,Queen,helix-plus-elite-queen,2998,,,deny,manual,TRUE,TRUE,,,,,active
helix-plus-elite,,,,,,,TRUE,Size,King,helix-plus-elite-king,3374,,,deny,manual,TRUE,TRUE,,,,,active
helix-plus-elite,,,,,,,TRUE,Size,CA King,helix-plus-elite-ca-king,3374,,,deny,manual,TRUE,TRUE,,,,,active
puffy-cloud,Puffy Cloud,<p>Adaptive foam</p><ul><li>Cooling gel cloud layer</li><li>Stain-resistant cover</li><li>Pressure relief</li></ul><p>Call for current Puffy offers.</p>,Puffy,,Mattress,"primary, puffy, Mattress, Medium-firm, priced",TRUE,Size,Twin,puffy-cloud-twin,449,,,deny,manual,TRUE,TRUE,https://discountmattressbg.com/product-assets/puffy-refresh/cloud-crop-01.webp,1,Puffy Cloud | Discount Mattress Bowling Green,Puffy Cloud from Puffy. Call or visit Discount Mattress in Bowling Green for current availability and local pricing.,active
puffy-cloud,,,,,,,TRUE,Size,Twin XL,puffy-cloud-twin-xl,649,,,deny,manual,TRUE,TRUE,,,,,active
puffy-cloud,,,,,,,TRUE,Size,Full,puffy-cloud-full,799,,,deny,manual,TRUE,TRUE,,,,,active
puffy-cloud,,,,,,,TRUE,Size,Queen,puffy-cloud-queen,949,,,deny,manual,TRUE,TRUE,,,,,active
puffy-cloud,,,,,,,TRUE,Size,King,puffy-cloud-king,1249,,,deny,manual,TRUE,TRUE,,,,,active
puffy-cloud,,,,,,,TRUE,Size,Cal King,puffy-cloud-cal-king,1249,,,deny,manual,TRUE,TRUE,,,,,active
puffy-cloud,,,,,,,TRUE,Size,Split King,puffy-cloud-split-king,1498,,,deny,manual,TRUE,TRUE,,,,,active
puffy-lux,Puffy Lux,<p>Cooling contour</p><ul><li>Cooling gel foam</li><li>Climate comfort layer</li><li>Deep contouring</li></ul><p>Ask to compare Lux foam and hybrid options.</p>,Puffy,,Mattress,"primary, puffy, Mattress, Medium, Cooling, priced",TRUE,Size,Twin,puffy-lux-twin,749,,,deny,manual,TRUE,TRUE,https://discountmattressbg.com/product-assets/puffy-refresh/lux-crop-01.webp,1,Puffy Lux | Discount Mattress Bowling Green,Puffy Lux from Puffy. Call or visit Discount Mattress in Bowling Green for current availability and local pricing.,active
puffy-lux,,,,,,,TRUE,Size,Twin XL,puffy-lux-twin-xl,1099,,,deny,manual,TRUE,TRUE,,,,,active
puffy-lux,,,,,,,TRUE,Size,Full,puffy-lux-full,1349,,,deny,manual,TRUE,TRUE,,,,,active
puffy-lux,,,,,,,TRUE,Size,Queen,puffy-lux-queen,1549,,,deny,manual,TRUE,TRUE,,,,,active
puffy-lux,,,,,,,TRUE,Size,King,puffy-lux-king,1749,,,deny,manual,TRUE,TRUE,,,,,active
puffy-lux,,,,,,,TRUE,Size,Cal King,puffy-lux-cal-king,1749,,,deny,manual,TRUE,TRUE,,,,,active
puffy-lux,,,,,,,TRUE,Size,Split King,puffy-lux-split-king,2198,,,deny,manual,TRUE,TRUE,,,,,active
puffy-lux-hybrid,Puffy Lux Hybrid,<p>Contour with lift</p><ul><li>Coil support</li><li>Cooling foam</li><li>Better edge response</li></ul><p>Call for current hybrid availability.</p>,Puffy,,Mattress,"primary, puffy, Mattress, Medium, priced",TRUE,Size,Twin,puffy-lux-hybrid-twin,749,,,deny,manual,TRUE,TRUE,https://discountmattressbg.com/product-assets/puffy-refresh/lux-crop-02.webp,1,Puffy Lux Hybrid | Discount Mattress Bowling Green,Puffy Lux Hybrid from Puffy. Call or visit Discount Mattress in Bowling Green for current availability and local pricing.,active
puffy-lux-hybrid,,,,,,,TRUE,Size,Twin XL,puffy-lux-hybrid-twin-xl,1099,,,deny,manual,TRUE,TRUE,,,,,active
puffy-lux-hybrid,,,,,,,TRUE,Size,Full,puffy-lux-hybrid-full,1349,,,deny,manual,TRUE,TRUE,,,,,active
puffy-lux-hybrid,,,,,,,TRUE,Size,Queen,puffy-lux-hybrid-queen,1549,,,deny,manual,TRUE,TRUE,,,,,active
puffy-lux-hybrid,,,,,,,TRUE,Size,King,puffy-lux-hybrid-king,1749,,,deny,manual,TRUE,TRUE,,,,,active
puffy-lux-hybrid,,,,,,,TRUE,Size,Cal King,puffy-lux-hybrid-cal-king,1749,,,deny,manual,TRUE,TRUE,,,,,active
puffy-lux-hybrid,,,,,,,TRUE,Size,Split King,puffy-lux-hybrid-split-king,2198,,,deny,manual,TRUE,TRUE,,,,,active
puffy-royal-hybrid,Puffy Royal Hybrid,<p>Luxury plush</p><ul><li>Quilted comfort top</li><li>Advanced cooling</li><li>Responsive support</li></ul><p>Ask the showroom team about Royal and Monarch comparisons.</p>,Puffy,,Mattress,"primary, puffy, Mattress, Medium, priced",TRUE,Size,Twin,puffy-royal-hybrid-twin,1089,,,deny,manual,TRUE,TRUE,https://discountmattressbg.com/product-assets/puffy-refresh/royal-crop-01.webp,1,Puffy Royal Hybrid | Discount Mattress Bowling Green,Puffy Royal Hybrid from Puffy. Call or visit Discount Mattress in Bowling Green for current availability and local pricing.,active
puffy-royal-hybrid,,,,,,,TRUE,Size,Twin XL,puffy-royal-hybrid-twin-xl,1499,,,deny,manual,TRUE,TRUE,,,,,active
puffy-royal-hybrid,,,,,,,TRUE,Size,Full,puffy-royal-hybrid-full,2199,,,deny,manual,TRUE,TRUE,,,,,active
puffy-royal-hybrid,,,,,,,TRUE,Size,Queen,puffy-royal-hybrid-queen,2449,,,deny,manual,TRUE,TRUE,,,,,active
puffy-royal-hybrid,,,,,,,TRUE,Size,King,puffy-royal-hybrid-king,2749,,,deny,manual,TRUE,TRUE,,,,,active
puffy-royal-hybrid,,,,,,,TRUE,Size,Cal King,puffy-royal-hybrid-cal-king,2749,,,deny,manual,TRUE,TRUE,,,,,active
puffy-royal-hybrid,,,,,,,TRUE,Size,Split King,puffy-royal-hybrid-split-king,2998,,,deny,manual,TRUE,TRUE,,,,,active
puffy-monarch,Puffy Monarch,"<p>Tall, plush, premium</p><ul><li>Diamond foam</li><li>Ultra-premium profile</li><li>Cloud-like pressure relief</li></ul><p>Call for today's Monarch availability.</p>",Puffy,,Mattress,"primary, puffy, Mattress, Medium, Top tier, priced",TRUE,Size,Twin XL,puffy-monarch-twin-xl,1799,,,deny,manual,TRUE,TRUE,https://discountmattressbg.com/product-assets/puffy-refresh/monarch-crop-01.webp,1,Puffy Monarch | Discount Mattress Bowling Green,Puffy Monarch from Puffy. Call or visit Discount Mattress in Bowling Green for current availability and local pricing.,active
puffy-monarch,,,,,,,TRUE,Size,Queen,puffy-monarch-queen,3199,,,deny,manual,TRUE,TRUE,,,,,active
puffy-monarch,,,,,,,TRUE,Size,King,puffy-monarch-king,3849,,,deny,manual,TRUE,TRUE,,,,,active
puffy-monarch,,,,,,,TRUE,Size,Cal King,puffy-monarch-cal-king,3849,,,deny,manual,TRUE,TRUE,,,,,active
puffy-monarch,,,,,,,TRUE,Size,Split King,puffy-monarch-split-king,3898,,,deny,manual,TRUE,TRUE,,,,,active
dreamcloud-classic-hybrid,DreamCloud Classic Hybrid,<p>Supportive comfort</p><ul><li>Premium comfort</li><li>Supportive design</li><li>Compare in store</li></ul><p>Call or visit to confirm current showroom availability.</p>,DreamCloud,,Mattress,"primary, dreamcloud, Mattress, Firm, Best Value, priced",TRUE,Option,Firm,dreamcloud-classic-hybrid-firm,349,,,deny,manual,TRUE,TRUE,https://discountmattressbg.com/brand-assets/dreamcloud/classic-product.webp,1,DreamCloud Classic Hybrid | Discount Mattress Bowling Green,DreamCloud Classic Hybrid from DreamCloud. Call or visit Discount Mattress in Bowling Green for current availability and local pricing.,active
dreamcloud-classic-memory-foam,DreamCloud Classic Memory Foam,<p>Contouring support</p><ul><li>Premium comfort</li><li>Supportive design</li><li>Compare in store</li></ul><p>Call or visit to confirm current showroom availability.</p>,DreamCloud,,Mattress,"primary, dreamcloud, Mattress, Firm, priced",TRUE,Option,Firm,dreamcloud-classic-memory-foam-firm,299,,,deny,manual,TRUE,TRUE,https://discountmattressbg.com/brand-assets/dreamcloud/classic-product.webp,1,DreamCloud Classic Memory Foam | Discount Mattress Bowling Green,DreamCloud Classic Memory Foam from DreamCloud. Call or visit Discount Mattress in Bowling Green for current availability and local pricing.,active
dreamcloud-premier,DreamCloud Premier Hybrid,<p>Luxury support</p><ul><li>Premium comfort</li><li>Supportive design</li><li>Compare in store</li></ul><p>Call or visit to confirm current showroom availability.</p>,DreamCloud,,Mattress,"primary, dreamcloud, Mattress, Medium-firm, Most Popular, priced",TRUE,Option,Medium-firm,dreamcloud-premier-medium-firm,799,,,deny,manual,TRUE,TRUE,https://discountmattressbg.com/product-assets/dreamcloud/dreamcloud-premier-1.webp,1,DreamCloud Premier Hybrid | Discount Mattress Bowling Green,DreamCloud Premier Hybrid from DreamCloud. Call or visit Discount Mattress in Bowling Green for current availability and local pricing.,active
dreamcloud-premier-memory-foam,DreamCloud Premier Memory Foam,<p>Cushioned contour</p><ul><li>Premium comfort</li><li>Supportive design</li><li>Compare in store</li></ul><p>Call or visit to confirm current showroom availability.</p>,DreamCloud,,Mattress,"primary, dreamcloud, Mattress, Medium-firm, priced",TRUE,Option,Medium-firm,dreamcloud-premier-memory-foam-medium-firm,899,,,deny,manual,TRUE,TRUE,https://discountmattressbg.com/product-assets/dreamcloud/dreamcloud-premier-1.webp,1,DreamCloud Premier Memory Foam | Discount Mattress Bowling Green,DreamCloud Premier Memory Foam from DreamCloud. Call or visit Discount Mattress in Bowling Green for current availability and local pricing.,active
dreamcloud-luxe-hybrid,DreamCloud Luxe Hybrid,<p>Targeted support</p><ul><li>Premium comfort</li><li>Supportive design</li><li>Compare in store</li></ul><p>Call or visit to confirm current showroom availability.</p>,DreamCloud,,Mattress,"primary, dreamcloud, Mattress, Medium, Luxury, priced",TRUE,Option,Medium,dreamcloud-luxe-hybrid-medium,1099,,,deny,manual,TRUE,TRUE,https://discountmattressbg.com/product-assets/dreamcloud/dreamcloud-rest-1.webp,1,DreamCloud Luxe Hybrid | Discount Mattress Bowling Green,DreamCloud Luxe Hybrid from DreamCloud. Call or visit Discount Mattress in Bowling Green for current availability and local pricing.,active
dreamcloud-luxe-memory-foam,DreamCloud Luxe Memory Foam,<p>Plush contour</p><ul><li>Premium comfort</li><li>Supportive design</li><li>Compare in store</li></ul><p>Call or visit to confirm current showroom availability.</p>,DreamCloud,,Mattress,"primary, dreamcloud, Mattress, Medium, priced",TRUE,Option,Medium,dreamcloud-luxe-memory-foam-medium,1199,,,deny,manual,TRUE,TRUE,https://discountmattressbg.com/product-assets/dreamcloud/dreamcloud-rest-1.webp,1,DreamCloud Luxe Memory Foam | Discount Mattress Bowling Green,DreamCloud Luxe Memory Foam from DreamCloud. Call or visit Discount Mattress in Bowling Green for current availability and local pricing.,active
dreamcloud-ultra-hybrid,DreamCloud Ultra Hybrid,<p>Indulgent plush support</p><ul><li>Premium comfort</li><li>Supportive design</li><li>Compare in store</li></ul><p>Call or visit to confirm current showroom availability.</p>,DreamCloud,,Mattress,"primary, dreamcloud, Mattress, Medium-soft, Top Tier, priced",TRUE,Option,Medium-soft,dreamcloud-ultra-hybrid-medium-soft,1369,,,deny,manual,TRUE,TRUE,https://discountmattressbg.com/product-assets/dreamcloud/dreamcloud-rest-3.webp,1,DreamCloud Ultra Hybrid | Discount Mattress Bowling Green,DreamCloud Ultra Hybrid from DreamCloud. Call or visit Discount Mattress in Bowling Green for current availability and local pricing.,active
dreamcloud-ultra-memory-foam,DreamCloud Ultra Memory Foam,<p>Deep contour</p><ul><li>Premium comfort</li><li>Supportive design</li><li>Compare in store</li></ul><p>Call or visit to confirm current showroom availability.</p>,DreamCloud,,Mattress,"primary, dreamcloud, Mattress, Medium, Top Tier, priced",TRUE,Option,Medium,dreamcloud-ultra-memory-foam-medium,2199,,,deny,manual,TRUE,TRUE,https://discountmattressbg.com/product-assets/dreamcloud/dreamcloud-premier-3.webp,1,DreamCloud Ultra Memory Foam | Discount Mattress Bowling Green,DreamCloud Ultra Memory Foam from DreamCloud. Call or visit Discount Mattress in Bowling Green for current availability and local pricing.,active
nectar-classic,Nectar Classic Memory Foam,<p>Supportive contour</p><ul><li>Premium comfort</li><li>Supportive design</li><li>Compare in store</li></ul><p>Call or visit to confirm current showroom availability.</p>,Nectar,,Mattress,"primary, nectar, Mattress, Medium-firm, Value, priced",TRUE,Option,Medium-firm,nectar-classic-medium-firm,689,,,deny,manual,TRUE,TRUE,https://discountmattressbg.com/product-assets/nectar/nectar-classic-1.webp,1,Nectar Classic Memory Foam | Discount Mattress Bowling Green,Nectar Classic Memory Foam from Nectar. Call or visit Discount Mattress in Bowling Green for current availability and local pricing.,active
nectar-classic-hybrid,Nectar Classic Hybrid,<p>Responsive support</p><ul><li>Premium comfort</li><li>Supportive design</li><li>Compare in store</li></ul><p>Call or visit to confirm current showroom availability.</p>,Nectar,,Mattress,"primary, nectar, Mattress, Medium-firm, Hybrid value, priced",TRUE,Option,Medium-firm,nectar-classic-hybrid-medium-firm,799,,,deny,manual,TRUE,TRUE,https://discountmattressbg.com/product-assets/nectar-refresh/classic-hybrid.png,1,Nectar Classic Hybrid | Discount Mattress Bowling Green,Nectar Classic Hybrid from Nectar. Call or visit Discount Mattress in Bowling Green for current availability and local pricing.,active
nectar-premier,Nectar Premier Memory Foam,<p>Cool contouring</p><ul><li>Premium comfort</li><li>Supportive design</li><li>Compare in store</li></ul><p>Call or visit to confirm current showroom availability.</p>,Nectar,,Mattress,"primary, nectar, Mattress, Medium, priced",TRUE,Option,Medium,nectar-premier-medium,949,,,deny,manual,TRUE,TRUE,https://discountmattressbg.com/product-assets/nectar-refresh/premier-memory.png,1,Nectar Premier Memory Foam | Discount Mattress Bowling Green,Nectar Premier Memory Foam from Nectar. Call or visit Discount Mattress in Bowling Green for current availability and local pricing.,active
nectar-premier-hybrid,Nectar Premier Hybrid,<p>Cool hybrid contour</p><ul><li>Premium comfort</li><li>Supportive design</li><li>Compare in store</li></ul><p>Call or visit to confirm current showroom availability.</p>,Nectar,,Mattress,"primary, nectar, Mattress, Medium, Best seller, priced",TRUE,Option,Medium,nectar-premier-hybrid-medium,1099,,,deny,manual,TRUE,TRUE,https://discountmattressbg.com/product-assets/nectar-refresh/premier-hybrid.png,1,Nectar Premier Hybrid | Discount Mattress Bowling Green,Nectar Premier Hybrid from Nectar. Call or visit Discount Mattress in Bowling Green for current availability and local pricing.,active
nectar-luxe-memory-foam,Nectar Luxe Memory Foam,<p>Premium cooling foam</p><ul><li>Premium comfort</li><li>Supportive design</li><li>Compare in store</li></ul><p>Call or visit to confirm current showroom availability.</p>,Nectar,,Mattress,"primary, nectar, Mattress, Medium, Luxe, priced",TRUE,Option,Medium,nectar-luxe-memory-foam-medium,1249,,,deny,manual,TRUE,TRUE,https://discountmattressbg.com/product-assets/nectar/nectar-copper-1.webp,1,Nectar Luxe Memory Foam | Discount Mattress Bowling Green,Nectar Luxe Memory Foam from Nectar. Call or visit Discount Mattress in Bowling Green for current availability and local pricing.,active
nectar-luxe-hybrid,Nectar Luxe Hybrid,"<p>Cool, supportive lift</p><ul><li>Premium comfort</li><li>Supportive design</li><li>Compare in store</li></ul><p>Call or visit to confirm current showroom availability.</p>",Nectar,,Mattress,"primary, nectar, Mattress, Medium, Cooling, priced",TRUE,Option,Medium,nectar-luxe-hybrid-medium,1549,,,deny,manual,TRUE,TRUE,https://discountmattressbg.com/product-assets/nectar-refresh/luxe-hybrid.png,1,Nectar Luxe Hybrid | Discount Mattress Bowling Green,Nectar Luxe Hybrid from Nectar. Call or visit Discount Mattress in Bowling Green for current availability and local pricing.,active
nectar-ultra-memory-foam,Nectar Ultra Memory Foam,<p>Deep pressure relief</p><ul><li>Premium comfort</li><li>Supportive design</li><li>Compare in store</li></ul><p>Call or visit to confirm current showroom availability.</p>,Nectar,,Mattress,"primary, nectar, Mattress, Medium-soft, Top Tier, priced",TRUE,Option,Medium-soft,nectar-ultra-memory-foam-medium-soft,1799,,,deny,manual,TRUE,TRUE,https://discountmattressbg.com/product-assets/nectar-refresh/ultra-memory.png,1,Nectar Ultra Memory Foam | Discount Mattress Bowling Green,Nectar Ultra Memory Foam from Nectar. Call or visit Discount Mattress in Bowling Green for current availability and local pricing.,active
nectar-ultra-hybrid,Nectar Ultra Hybrid,<p>Plush cooling support</p><ul><li>Premium comfort</li><li>Supportive design</li><li>Compare in store</li></ul><p>Call or visit to confirm current showroom availability.</p>,Nectar,,Mattress,"primary, nectar, Mattress, Medium-soft, Top Tier, priced",TRUE,Option,Medium-soft,nectar-ultra-hybrid-medium-soft,2099,,,deny,manual,TRUE,TRUE,https://discountmattressbg.com/product-assets/nectar-refresh/ultra-hybrid.png,1,Nectar Ultra Hybrid | Discount Mattress Bowling Green,Nectar Ultra Hybrid from Nectar. Call or visit Discount Mattress in Bowling Green for current availability and local pricing.,active
nectar-kids,Nectar Kids Mattress,<p>Supportive kids comfort</p><ul><li>Premium comfort</li><li>Supportive design</li><li>Compare in store</li></ul><p>Call or visit to confirm current showroom availability.</p>,Nectar,,Mattress,"primary, nectar, Mattress, Medium-firm, priced",TRUE,Option,Medium-firm,nectar-kids-medium-firm,319,,,deny,manual,TRUE,TRUE,https://discountmattressbg.com/product-assets/nectar-refresh/kids.png,1,Nectar Kids Mattress | Discount Mattress Bowling Green,Nectar Kids Mattress from Nectar. Call or visit Discount Mattress in Bowling Green for current availability and local pricing.,active
bedgear-m3,BEDGEAR M3 Performance Mattress,"<p>Personalized, breathable support</p><ul><li>Premium comfort</li><li>Supportive design</li><li>Compare in store</li></ul><p>Call or visit to confirm current showroom availability.</p>",Bedgear,,Mattress,"primary, bedgear, Mattress, Multiple options, Modular, priced",TRUE,Option,Multiple options,bedgear-m3-multiple-options,2999.99,,,deny,manual,TRUE,TRUE,https://discountmattressbg.com/brand-assets/bedgear/m3-main.webp,1,BEDGEAR M3 Performance Mattress | Discount Mattress Bowling Green,BEDGEAR M3 Performance Mattress from Bedgear. Call or visit Discount Mattress in Bowling Green for current availability and local pricing.,active
bedgear-m5,BEDGEAR M5 Performance Mattress,<p>Advanced cooling and adaptive support</p><ul><li>Premium comfort</li><li>Supportive design</li><li>Compare in store</li></ul><p>Call or visit to confirm current showroom availability.</p>,Bedgear,,Mattress,"primary, bedgear, Mattress, Multiple options, Premium, priced",TRUE,Option,Multiple options,bedgear-m5-multiple-options,3999.99,,,deny,manual,TRUE,TRUE,https://discountmattressbg.com/brand-assets/bedgear/m5-main.webp,1,BEDGEAR M5 Performance Mattress | Discount Mattress Bowling Green,BEDGEAR M5 Performance Mattress from Bedgear. Call or visit Discount Mattress in Bowling Green for current availability and local pricing.,active
bedgear-storm,Storm Performance Pillow,<p>Instant cooling</p><ul><li>Cooling cover</li><li>React foam crown</li><li>Breathable build</li></ul><p>Try pillow heights in store.</p>,Bedgear,,Pillow,"primary, bedgear, Pillow, Multiple heights, Cooling, priced",TRUE,Option,Multiple heights,bedgear-storm-multiple-heights,199.99,,,deny,manual,TRUE,TRUE,https://discountmattressbg.com/brand-assets/bedgear/storm-performance.webp,1,Storm Performance Pillow | Discount Mattress Bowling Green,Storm Performance Pillow from Bedgear. Call or visit Discount Mattress in Bowling Green for current availability and local pricing.,active
bedgear-balance,Balance Performance Pillow,<p>Moisture-wicking comfort</p><ul><li>Moisture-wicking cover</li><li>Hypoallergenic fill</li><li>Curved support</li></ul><p>Ask for pillow fitting help.</p>,Bedgear,,Pillow,"primary, bedgear, Pillow, Multiple heights, priced",TRUE,Option,Multiple heights,bedgear-balance-multiple-heights,99.99,,,deny,manual,TRUE,TRUE,https://discountmattressbg.com/brand-assets/bedgear/balance-performance.webp,1,Balance Performance Pillow | Discount Mattress Bowling Green,Balance Performance Pillow from Bedgear. Call or visit Discount Mattress in Bowling Green for current availability and local pricing.,active
bedgear-dri-tec,Dri-Tec Mattress Protector,"<p>Cool, quiet protection</p><ul><li>Waterproof barrier</li><li>Breathable surface</li><li>Machine washable</li></ul><p>Available with most mattress purchases.</p>",Bedgear,,Protector,"primary, bedgear, Protector, priced",TRUE,Option,Waterproof protector,bedgear-dri-tec-waterproof-protector,159.99,,,deny,manual,TRUE,TRUE,https://discountmattressbg.com/brand-assets/bedgear/dritec-protector.webp,1,Dri-Tec Mattress Protector | Discount Mattress Bowling Green,Dri-Tec Mattress Protector from Bedgear. Call or visit Discount Mattress in Bowling Green for current availability and local pricing.,active
naturepedic-eos-classic,EOS Classic,"<p>Customizable organic comfort</p><ul><li>3 inches of organic latex over 8-inch encased coils</li><li>12-inch zippered design with swappable comfort layers</li><li>Queen, king, and California king can be configured by side</li></ul><p>Call or visit to confirm current showroom availability.</p>",Naturepedic,,Mattress,"primary, naturepedic, Mattress, Extra-firm to plush, Customizable, priced",TRUE,Size,Twin,naturepedic-eos-classic-twin,2399,,,deny,manual,TRUE,TRUE,https://discountmattressbg.com/brand-assets/naturepedic/eos-classic.webp,1,EOS Classic | Discount Mattress Bowling Green,EOS Classic from Naturepedic. Call or visit Discount Mattress in Bowling Green for current availability and local pricing.,active
naturepedic-eos-classic,,,,,,,TRUE,Size,Twin XL,naturepedic-eos-classic-twin-xl,2699,,,deny,manual,TRUE,TRUE,,,,,active
naturepedic-eos-classic,,,,,,,TRUE,Size,Full,naturepedic-eos-classic-full,3399,,,deny,manual,TRUE,TRUE,,,,,active
naturepedic-eos-classic,,,,,,,TRUE,Size,Queen,naturepedic-eos-classic-queen,3799,,,deny,manual,TRUE,TRUE,,,,,active
naturepedic-eos-classic,,,,,,,TRUE,Size,King,naturepedic-eos-classic-king,4699,,,deny,manual,TRUE,TRUE,,,,,active
naturepedic-eos-classic,,,,,,,TRUE,Size,Cal King,naturepedic-eos-classic-cal-king,4699,,,deny,manual,TRUE,TRUE,,,,,active
naturepedic-eos-pillow-top,EOS Pillow Top,<p>Customizable pillow top comfort</p><ul><li>6 inches of organic latex over 8-inch encased coils</li><li>15-inch two-compartment zippered pillow top design</li><li>Comfort levels from firm through ultra-plush</li></ul><p>Call or visit to confirm current showroom availability.</p>,Naturepedic,,Mattress,"primary, naturepedic, Mattress, Firm to ultra-plush, Pillow Top, priced",TRUE,Size,Twin,naturepedic-eos-pillow-top-twin,3299,,,deny,manual,TRUE,TRUE,https://discountmattressbg.com/brand-assets/naturepedic/eos-detail.webp,1,EOS Pillow Top | Discount Mattress Bowling Green,EOS Pillow Top from Naturepedic. Call or visit Discount Mattress in Bowling Green for current availability and local pricing.,active
naturepedic-eos-pillow-top,,,,,,,TRUE,Size,Twin XL,naturepedic-eos-pillow-top-twin-xl,3599,,,deny,manual,TRUE,TRUE,,,,,active
naturepedic-eos-pillow-top,,,,,,,TRUE,Size,Full,naturepedic-eos-pillow-top-full,4599,,,deny,manual,TRUE,TRUE,,,,,active
naturepedic-eos-pillow-top,,,,,,,TRUE,Size,Queen,naturepedic-eos-pillow-top-queen,4999,,,deny,manual,TRUE,TRUE,,,,,active
naturepedic-eos-pillow-top,,,,,,,TRUE,Size,King,naturepedic-eos-pillow-top-king,5999,,,deny,manual,TRUE,TRUE,,,,,active
naturepedic-eos-pillow-top,,,,,,,TRUE,Size,Cal King,naturepedic-eos-pillow-top-cal-king,5999,,,deny,manual,TRUE,TRUE,,,,,active
naturepedic-concerto-pillow-top,Concerto Pillow Top,"<p>Hotel-style organic plush comfort</p><ul><li>Organic latex, encased support coils, and high-density microcoils</li><li>Tufted pillow top design with organic cotton and wool</li><li>13-inch plush profile with strong breathability</li></ul><p>Call or visit to confirm current showroom availability.</p>",Naturepedic,,Mattress,"primary, naturepedic, Mattress, Pillow top plush, Plush, priced",TRUE,Size,Twin,naturepedic-concerto-pillow-top-twin,1439,,,deny,manual,TRUE,TRUE,https://discountmattressbg.com/brand-assets/naturepedic/lifestyle.jpg,1,Concerto Pillow Top | Discount Mattress Bowling Green,Concerto Pillow Top from Naturepedic. Call or visit Discount Mattress in Bowling Green for current availability and local pricing.,active
naturepedic-concerto-pillow-top,,,,,,,TRUE,Size,Twin XL,naturepedic-concerto-pillow-top-twin-xl,1679,,,deny,manual,TRUE,TRUE,,,,,active
naturepedic-concerto-pillow-top,,,,,,,TRUE,Size,Full,naturepedic-concerto-pillow-top-full,2239,,,deny,manual,TRUE,TRUE,,,,,active
naturepedic-concerto-pillow-top,,,,,,,TRUE,Size,Queen,naturepedic-concerto-pillow-top-queen,2399,,,deny,manual,TRUE,TRUE,,,,,active
naturepedic-concerto-pillow-top,,,,,,,TRUE,Size,King,naturepedic-concerto-pillow-top-king,3039,,,deny,manual,TRUE,TRUE,,,,,active
naturepedic-concerto-pillow-top,,,,,,,TRUE,Size,Cal King,naturepedic-concerto-pillow-top-cal-king,3039,,,deny,manual,TRUE,TRUE,,,,,active
naturepedic-serenade,Serenade,"<p>Simple, balanced organic comfort</p><ul><li>2 inches of organic latex over 8-inch encased coils</li><li>11-inch profile in firm, cushion-firm, or plush</li><li>Made without flame retardants, polyurethane foam, glues, or adhesives</li></ul><p>Call or visit to confirm current showroom availability.</p>",Naturepedic,,Mattress,"primary, naturepedic, Mattress, Firm, cushion-firm, or plush, Organic, priced",TRUE,Size,Twin,naturepedic-serenade-twin,1119,,,deny,manual,TRUE,TRUE,https://discountmattressbg.com/brand-assets/naturepedic/showroom.jpeg,1,Serenade | Discount Mattress Bowling Green,Serenade from Naturepedic. Call or visit Discount Mattress in Bowling Green for current availability and local pricing.,active
naturepedic-serenade,,,,,,,TRUE,Size,Twin XL,naturepedic-serenade-twin-xl,1279,,,deny,manual,TRUE,TRUE,,,,,active
naturepedic-serenade,,,,,,,TRUE,Size,Full,naturepedic-serenade-full,1439,,,deny,manual,TRUE,TRUE,,,,,active
naturepedic-serenade,,,,,,,TRUE,Size,Queen,naturepedic-serenade-queen,1599,,,deny,manual,TRUE,TRUE,,,,,active
naturepedic-serenade,,,,,,,TRUE,Size,King,naturepedic-serenade-king,2239,,,deny,manual,TRUE,TRUE,,,,,active
naturepedic-serenade,,,,,,,TRUE,Size,Cal King,naturepedic-serenade-cal-king,2239,,,deny,manual,TRUE,TRUE,,,,,active
posh-providence,"Providence 3"" True Pillow Top",<p>Weightless luxury pillow top</p><ul><li>Natural rubber comfort layers</li><li>Wool and cotton fire-retardant layer</li><li>768 queen-size pocketed coils</li></ul><p>Compare Providence comfort in the showroom and confirm current floor model availability.</p>,Posh and Lavish,,Mattress,"primary, posh-and-lavish, Mattress, Medium firm with ultra-plush top, Luxury, priced",TRUE,Option,Medium firm with ultra-plush top,posh-providence-medium-firm-with-ultra-plush-top,4099,,,deny,manual,TRUE,TRUE,https://discountmattressbg.com/brand-assets/posh-and-lavish/official-hero.avif,1,"Providence 3"" True Pillow Top | Discount Mattress Bowling Green","Providence 3"" True Pillow Top from Posh and Lavish. Call or visit Discount Mattress in Bowling Green for current availability and local pricing.",active
posh-providence-base,Providence,<p>Responsive natural rubber support</p><ul><li>Natural rubber comfort layers</li><li>Wool and cotton fire-retardant layer</li><li>602 gram Tencel-faced fabric</li></ul><p>Use this as the visible D2C reference point for Providence pricing.</p>,Posh and Lavish,,Mattress,"primary, posh-and-lavish, Mattress, Medium firm, priced",TRUE,Option,Medium firm,posh-providence-base-medium-firm,2699,,,deny,manual,TRUE,TRUE,https://discountmattressbg.com/brand-assets/posh-and-lavish/dm-product.webp,1,Providence | Discount Mattress Bowling Green,Providence from Posh and Lavish. Call or visit Discount Mattress in Bowling Green for current availability and local pricing.,active
pranasleep-karma-elite-firm,Karma Elite 2 Hybrid Firm,"<p>Stable, supportive latex comfort</p><ul><li>Natural Talalay latex comfort over individually wrapped coils</li><li>pranaCOOL quilted cover with copper-infused Talalay latex</li><li>Firm support profile for a more stable feel</li></ul><p>Call or visit to confirm current showroom availability.</p>",PranaSleep,,Mattress,"primary, pranasleep, Mattress, Firm, Firm, priced",TRUE,Size,Twin starting,pranasleep-karma-elite-firm-twin-starting,2749.95,,,deny,manual,TRUE,TRUE,https://discountmattressbg.com/brand-assets/pranasleep/karma-elite.webp,1,Karma Elite 2 Hybrid Firm | Discount Mattress Bowling Green,Karma Elite 2 Hybrid Firm from PranaSleep. Call or visit Discount Mattress in Bowling Green for current availability and local pricing.,active
pranasleep-karma-elite-firm,,,,,,,TRUE,Size,Queen starting,pranasleep-karma-elite-firm-queen-starting,3499.95,,,deny,manual,TRUE,TRUE,,,,,active
pranasleep-karma-elite-plush,Karma Elite 2 Hybrid Plush,<p>Soft pressure relief with responsive support</p><ul><li>Natural Talalay latex buoyancy with a softer comfort profile</li><li>Pocketed coil support with reinforced edges</li><li>Cooling quilt package designed for pressure relief</li></ul><p>Call or visit to confirm current showroom availability.</p>,PranaSleep,,Mattress,"primary, pranasleep, Mattress, Plush, Plush, priced",TRUE,Size,Twin starting,pranasleep-karma-elite-plush-twin-starting,2749.95,,,deny,manual,TRUE,TRUE,https://discountmattressbg.com/brand-assets/pranasleep/product-01.avif,1,Karma Elite 2 Hybrid Plush | Discount Mattress Bowling Green,Karma Elite 2 Hybrid Plush from PranaSleep. Call or visit Discount Mattress in Bowling Green for current availability and local pricing.,active
pranasleep-karma-elite-plush,,,,,,,TRUE,Size,Queen starting,pranasleep-karma-elite-plush-queen-starting,3499.95,,,deny,manual,TRUE,TRUE,,,,,active
pranasleep-karma-elite-super-cush,Karma Elite 2 Hybrid Super Cush,<p>Extra-cushioned latex comfort</p><ul><li>Extra cushioning for deeper pressure relief</li><li>Natural Talalay latex comfort over responsive coils</li><li>Thicker 15-inch Super Cush construction</li></ul><p>Call or visit to confirm current showroom availability.</p>,PranaSleep,,Mattress,"primary, pranasleep, Mattress, Super Cush, Super Cush, priced",TRUE,Size,Twin starting,pranasleep-karma-elite-super-cush-twin-starting,2749.95,,,deny,manual,TRUE,TRUE,https://discountmattressbg.com/brand-assets/pranasleep/product-02.avif,1,Karma Elite 2 Hybrid Super Cush | Discount Mattress Bowling Green,Karma Elite 2 Hybrid Super Cush from PranaSleep. Call or visit Discount Mattress in Bowling Green for current availability and local pricing.,active
pranasleep-karma-elite-super-cush,,,,,,,TRUE,Size,Queen starting,pranasleep-karma-elite-super-cush-queen-starting,3499.95,,,deny,manual,TRUE,TRUE,,,,,active
bedtech-bt6500,BT6500 Adjustable Bed,<p>Premium adjustability</p><ul><li>Advanced positioning</li><li>Comfort presets</li><li>Premium support system</li></ul><p>Call or visit to confirm current sizes and showroom availability.</p>,BedTech,,Adjustable base,"primary, bedtech, Adjustable base, Top Tier, priced",TRUE,Option,Premium adjustable bed,bedtech-bt6500-premium-adjustable-bed,1999,,,deny,manual,TRUE,TRUE,https://discountmattressbg.com/brand-assets/bedtech/bt6500.webp,1,BT6500 Adjustable Bed | Discount Mattress Bowling Green,BT6500 Adjustable Bed from BedTech. Call or visit Discount Mattress in Bowling Green for current availability and local pricing.,active
bedtech-bt3000,BT3000 Adjustable Bed,<p>Comfort upgrade</p><ul><li>Head and foot articulation</li><li>Preset positions</li><li>Quiet operation</li></ul><p>Call or visit to confirm current sizes and showroom availability.</p>,BedTech,,Adjustable base,"primary, bedtech, Adjustable base, Featured, priced",TRUE,Option,Adjustable bed,bedtech-bt3000-adjustable-bed,1499,,,deny,manual,TRUE,TRUE,https://discountmattressbg.com/brand-assets/bedtech/bt3000.webp,1,BT3000 Adjustable Bed | Discount Mattress Bowling Green,BT3000 Adjustable Bed from BedTech. Call or visit Discount Mattress in Bowling Green for current availability and local pricing.,active
bedtech-bt2500,BT2500 Adjustable Bed,<p>Step-up adjustability</p><ul><li>Adjustable comfort</li><li>Wireless control</li><li>Compatible mattress support</li></ul><p>Call or visit to confirm current sizes and showroom availability.</p>,BedTech,,Adjustable base,"primary, bedtech, Adjustable base, priced",TRUE,Option,Adjustable bed,bedtech-bt2500-adjustable-bed,1299,,,deny,manual,TRUE,TRUE,https://discountmattressbg.com/brand-assets/bedtech/official-hero-bases.jpg,1,BT2500 Adjustable Bed | Discount Mattress Bowling Green,BT2500 Adjustable Bed from BedTech. Call or visit Discount Mattress in Bowling Green for current availability and local pricing.,active
bedtech-bt2000,BT2000 Adjustable Bed,<p>Everyday adjustability</p><ul><li>Head lift</li><li>Remote control</li><li>Easy mattress pairing</li></ul><p>Call or visit to confirm current sizes and showroom availability.</p>,BedTech,,Adjustable base,"primary, bedtech, Adjustable base, priced",TRUE,Option,Adjustable bed,bedtech-bt2000-adjustable-bed,1149,,,deny,manual,TRUE,TRUE,https://discountmattressbg.com/brand-assets/bedtech/bt2000.webp,1,BT2000 Adjustable Bed | Discount Mattress Bowling Green,BT2000 Adjustable Bed from BedTech. Call or visit Discount Mattress in Bowling Green for current availability and local pricing.,active
bedtech-btx5,BTX5 Adjustable Bed,<p>Feature-rich value</p><ul><li>Head and foot elevation</li><li>Wireless control</li><li>Modern support profile</li></ul><p>Call or visit to confirm current sizes and showroom availability.</p>,BedTech,,Adjustable base,"primary, bedtech, Adjustable base, priced",TRUE,Option,Adjustable bed,bedtech-btx5-adjustable-bed,1249,,,deny,manual,TRUE,TRUE,https://discountmattressbg.com/brand-assets/bedtech/official-hero-bases.jpg,1,BTX5 Adjustable Bed | Discount Mattress Bowling Green,BTX5 Adjustable Bed from BedTech. Call or visit Discount Mattress in Bowling Green for current availability and local pricing.,active
bedtech-btx4,BTX4 Adjustable Bed,<p>Lifestyle upgrade</p><ul><li>Wireless control</li><li>Head and foot articulation</li><li>Modern base profile</li></ul><p>Call or visit to confirm current sizes and showroom availability.</p>,BedTech,,Adjustable base,"primary, bedtech, Adjustable base, Adjustable, priced",TRUE,Option,Adjustable bed,bedtech-btx4-adjustable-bed,1049,,,deny,manual,TRUE,TRUE,https://discountmattressbg.com/brand-assets/bedtech/btx4-base.webp,1,BTX4 Adjustable Bed | Discount Mattress Bowling Green,BTX4 Adjustable Bed from BedTech. Call or visit Discount Mattress in Bowling Green for current availability and local pricing.,active
bedtech-bthu,BTHU Adjustable Bed,<p>Simple adjustability</p><ul><li>Adjustable support</li><li>Straightforward controls</li><li>Easy mattress pairing</li></ul><p>Call or visit to confirm current sizes and showroom availability.</p>,BedTech,,Adjustable base,"primary, bedtech, Adjustable base, Value, priced",TRUE,Option,Adjustable bed,bedtech-bthu-adjustable-bed,749,,,deny,manual,TRUE,TRUE,https://discountmattressbg.com/brand-assets/bedtech/official-hero-bases.jpg,1,BTHU Adjustable Bed | Discount Mattress Bowling Green,BTHU Adjustable Bed from BedTech. Call or visit Discount Mattress in Bowling Green for current availability and local pricing.,active
bedtech-upholstered-platform,Upholstered Platform,<p>Upholstered support</p><ul><li>Upholstered finish</li><li>Platform-style support</li><li>No box spring needed with compatible mattresses</li></ul><p>Call or visit to confirm current sizes and showroom availability.</p>,BedTech,,Adjustable base,"primary, bedtech, Adjustable base, priced",TRUE,Option,Platform base,bedtech-upholstered-platform-platform-base,239,,,deny,manual,TRUE,TRUE,https://discountmattressbg.com/brand-assets/bedtech/official-lifestyle.jpg,1,Upholstered Platform | Discount Mattress Bowling Green,Upholstered Platform from BedTech. Call or visit Discount Mattress in Bowling Green for current availability and local pricing.,active
bedtech-standard-foundation,Standard Foundation,<p>Classic foundation support</p><ul><li>Stable foundation</li><li>Clean profile</li><li>Easy pairing with compatible frames</li></ul><p>Call or visit to confirm current sizes and showroom availability.</p>,BedTech,,Adjustable base,"primary, bedtech, Adjustable base, priced",TRUE,Option,Foundation base,bedtech-standard-foundation-foundation-base,169,,,deny,manual,TRUE,TRUE,https://discountmattressbg.com/brand-assets/bedtech/official-lifestyle.jpg,1,Standard Foundation | Discount Mattress Bowling Green,Standard Foundation from BedTech. Call or visit Discount Mattress in Bowling Green for current availability and local pricing.,active
bedtech-high-rise-platform,High Rise Platform,<p>Raised platform support</p><ul><li>High-rise profile</li><li>Platform support</li><li>Storage-friendly clearance</li></ul><p>Call or visit to confirm current sizes and showroom availability.</p>,BedTech,,Adjustable base,"primary, bedtech, Adjustable base, priced",TRUE,Option,Platform base,bedtech-high-rise-platform-platform-base,159,,,deny,manual,TRUE,TRUE,https://discountmattressbg.com/brand-assets/bedtech/official-lifestyle.jpg,1,High Rise Platform | Discount Mattress Bowling Green,High Rise Platform from BedTech. Call or visit Discount Mattress in Bowling Green for current availability and local pricing.,active
bedtech-modern-platform,Modern Platform,<p>Modern platform support</p><ul><li>Modern low-profile look</li><li>Platform support</li><li>Easy bedroom setup</li></ul><p>Call or visit to confirm current sizes and showroom availability.</p>,BedTech,,Adjustable base,"primary, bedtech, Adjustable base, priced",TRUE,Option,Platform base,bedtech-modern-platform-platform-base,159,,,deny,manual,TRUE,TRUE,https://discountmattressbg.com/brand-assets/bedtech/official-lifestyle.jpg,1,Modern Platform | Discount Mattress Bowling Green,Modern Platform from BedTech. Call or visit Discount Mattress in Bowling Green for current availability and local pricing.,active
jamison-autograph,Autograph Collection,<p>Adaptive innerspring comfort</p><ul><li>Hybrid design</li><li>Handmade in the USA</li><li>Retail comfort collection</li></ul><p>Call or visit to confirm current showroom availability.</p>,Jamison,,Mattress,"secondary, jamison, Mattress, Multiple comfort options, Starting price, priced",TRUE,Option,Multiple comfort options,jamison-autograph-multiple-comfort-options,599.99,,,deny,manual,TRUE,TRUE,https://discountmattressbg.com/brand-assets/jamison/innerspring-hotel.png,1,Autograph Collection | Discount Mattress Bowling Green,Autograph Collection from Jamison. Call or visit Discount Mattress in Bowling Green for current availability and local pricing.,active
jamison-resort-foam,Resort Foam Collection,<p>Luxury resort comfort</p><ul><li>Resort-inspired comfort</li><li>Handmade in the USA</li><li>Foam comfort collection</li></ul><p>Call or visit to confirm current showroom availability.</p>,Jamison,,Mattress,"secondary, jamison, Mattress, Multiple comfort options, priced",TRUE,Option,Multiple comfort options,jamison-resort-foam-multiple-comfort-options,899.99,,,deny,manual,TRUE,TRUE,https://discountmattressbg.com/brand-assets/jamison/hotel-bed.png,1,Resort Foam Collection | Discount Mattress Bowling Green,Resort Foam Collection from Jamison. Call or visit Discount Mattress in Bowling Green for current availability and local pricing.,active
serta-icomfort,Serta iComfort Mattress,<p>Cool-to-the-touch foam comfort</p><ul><li>Premium comfort</li><li>Supportive design</li><li>Compare in store</li></ul><p>Call or visit to confirm current showroom availability.</p>,Serta,,Mattress,"secondary, serta, Mattress, Firm, medium, or plush, Cooling, priced",TRUE,Option,"Firm, medium, or plush",serta-icomfort-firm-medium-or-plush,999,,,deny,manual,TRUE,TRUE,https://discountmattressbg.com/product-assets/serta/serta-icomfort-1.jpg,1,Serta iComfort Mattress | Discount Mattress Bowling Green,Serta iComfort Mattress from Serta. Call or visit Discount Mattress in Bowling Green for current availability and local pricing.,active
serta-icomfort-pro,Serta iComfortPro Mattress,<p>Advanced cooling support</p><ul><li>Premium comfort</li><li>Supportive design</li><li>Compare in store</li></ul><p>Call or visit to confirm current showroom availability.</p>,Serta,,Mattress,"secondary, serta, Mattress, Extra firm or medium, Premium, priced",TRUE,Option,Extra firm or medium,serta-icomfort-pro-extra-firm-or-medium,1474,,,deny,manual,TRUE,TRUE,https://discountmattressbg.com/brand-assets/serta/icomfort-preview.jpg,1,Serta iComfortPro Mattress | Discount Mattress Bowling Green,Serta iComfortPro Mattress from Serta. Call or visit Discount Mattress in Bowling Green for current availability and local pricing.,active
serta-cascade-ridge-plush,Serta Cascade Ridge Plush,<p>Cushioned support</p><ul><li>Premium comfort</li><li>Supportive design</li><li>Compare in store</li></ul><p>Call or visit to confirm current showroom availability.</p>,Serta,,Mattress,"secondary, serta, Mattress, Plush, Perfect Sleeper, priced",TRUE,Option,Plush,serta-cascade-ridge-plush-plush,599,,,deny,manual,TRUE,TRUE,https://discountmattressbg.com/brand-assets/serta/sheep-lifestyle.jpg,1,Serta Cascade Ridge Plush | Discount Mattress Bowling Green,Serta Cascade Ridge Plush from Serta. Call or visit Discount Mattress in Bowling Green for current availability and local pricing.,active
serta-cascade-canyon-firm,Serta Cascade Canyon Firm,<p>Firm zoned support</p><ul><li>Premium comfort</li><li>Supportive design</li><li>Compare in store</li></ul><p>Call or visit to confirm current showroom availability.</p>,Serta,,Mattress,"secondary, serta, Mattress, Firm, priced",TRUE,Option,Firm,serta-cascade-canyon-firm-firm,699,,,deny,manual,TRUE,TRUE,https://discountmattressbg.com/brand-assets/serta/sheep-stretch.jpg,1,Serta Cascade Canyon Firm | Discount Mattress Bowling Green,Serta Cascade Canyon Firm from Serta. Call or visit Discount Mattress in Bowling Green for current availability and local pricing.,active
serta-cascade-canyon-medium,Serta Cascade Canyon Medium,<p>Balanced support</p><ul><li>Premium comfort</li><li>Supportive design</li><li>Compare in store</li></ul><p>Call or visit to confirm current showroom availability.</p>,Serta,,Mattress,"secondary, serta, Mattress, Medium, priced",TRUE,Option,Medium,serta-cascade-canyon-medium-medium,699,,,deny,manual,TRUE,TRUE,https://discountmattressbg.com/brand-assets/serta/sheep-lifestyle.jpg,1,Serta Cascade Canyon Medium | Discount Mattress Bowling Green,Serta Cascade Canyon Medium from Serta. Call or visit Discount Mattress in Bowling Green for current availability and local pricing.,active
serta-cascade-range,Serta Cascade Range Plush Pillow Top,<p>Upgraded Cascade support</p><ul><li>Premium comfort</li><li>Supportive design</li><li>Compare in store</li></ul><p>Call or visit to confirm current showroom availability.</p>,Serta,,Mattress,"secondary, serta, Mattress, Plush pillow top, Upgrade, priced",TRUE,Option,Plush pillow top,serta-cascade-range-plush-pillow-top,1099,,,deny,manual,TRUE,TRUE,https://discountmattressbg.com/brand-assets/serta/sheep-lifestyle.jpg,1,Serta Cascade Range Plush Pillow Top | Discount Mattress Bowling Green,Serta Cascade Range Plush Pillow Top from Serta. Call or visit Discount Mattress in Bowling Green for current availability and local pricing.,active
